json_file                                                                                                                                          , total_records, deleted_records, records_with_errors, records_complete, metadata_fields                                                                                                                                                                                                                                                                     , mandatory_fields
Ameyalli_-_Repositorio_Universitario_Especializado_en_Comunicaci_n_P_blica_de_la_Ciencia.json                                                      ,            19,               6,                   4,                9, "@xmlns:dc, @xmlns:doc, @xmlns:oai_dc, @xmlns:xsi, @xsi:schemaLocation, dc:audience, dc:contributor, dc:creator, dc:date, dc:description, dc:format, dc:identifier, dc:language, dc:publisher, dc:rights, dc:subject, dc:title, dc:type"                                            , https://ru.ameyalli.dgdc.unam.mx/handle/123456789/169: dc:creator | https://ru.ameyalli.dgdc.unam.mx/handle/123456789/239: dc:creator | https://ru.ameyalli.dgdc.unam.mx/handle/123456789/202: dc:creator | https://ru.ameyalli.dgdc.unam.mx/handle/123456789/201: dc:creator
Ameyalli_-_Repositorio_Universitario_Especializado_en_Comunicaci_n_P_blica_de_la_Ciencia_de_la_DGDC_UNAM.json                                      ,            19,               6,                   4,                9, "@xmlns:dc, @xmlns:doc, @xmlns:oai_dc, @xmlns:xsi, @xsi:schemaLocation, dc:audience, dc:contributor, dc:creator, dc:date, dc:description, dc:format, dc:identifier, dc:language, dc:publisher, dc:rights, dc:subject, dc:title, dc:type"                                            , https://ru.ameyalli.dgdc.unam.mx/handle/123456789/169: dc:creator | https://ru.ameyalli.dgdc.unam.mx/handle/123456789/239: dc:creator | https://ru.ameyalli.dgdc.unam.mx/handle/123456789/202: dc:creator | https://ru.ameyalli.dgdc.unam.mx/handle/123456789/201: dc:creator
Athenea_Digital_FFyL.json                                                                                                                          ,             0,               0,                   0,                0,                                                                                                                                                                                                                                                                                     , All mandatory fields present
CIATEQ_Digital.json                                                                                                                                ,           690,              11,                   0,              679, "@xmlns:dc, @xmlns:doc, @xmlns:oai_dc, @xmlns:xsi, @xsi:schemaLocation, dc:audience, dc:contributor, dc:creator, dc:date, dc:description, dc:format, dc:identifier, dc:language, dc:publisher, dc:relation, dc:rights, dc:source, dc:subject, dc:title, dc:type"                    , All mandatory fields present
COLPOS_DIGITAL.json                                                                                                                                ,           100,               0,                   0,              100, "@xmlns:dc, @xmlns:doc, @xmlns:oai_dc, @xmlns:xsi, @xsi:schemaLocation, dc:audience, dc:contributor, dc:creator, dc:date, dc:description, dc:format, dc:identifier, dc:language, dc:publisher, dc:relation, dc:rights, dc:subject, dc:title, dc:type"                               , All mandatory fields present
COMIMSA.json                                                                                                                                       ,           382,               1,                   0,              381, "@xmlns:dc, @xmlns:doc, @xmlns:oai_dc, @xmlns:xsi, @xsi:schemaLocation, dc:audience, dc:contributor, dc:creator, dc:date, dc:description, dc:format, dc:identifier, dc:language, dc:relation, dc:rights, dc:source, dc:subject, dc:title, dc:type"                                  , All mandatory fields present
Concentraci_n_de_Recursos_de_Informaci_n_Cient_fica_y_Acad_mica_UAM_Cuajimalpa.json                                                                ,           100,               0,                   6,               94, "@xmlns:dc, @xmlns:doc, @xmlns:oai_dc, @xmlns:xsi, @xsi:schemaLocation, dc:creator, dc:date, dc:description, dc:format, dc:identifier, dc:language, dc:publisher, dc:relation, dc:rights, dc:subject, dc:title, dc:type"                                                            , "http://ilitia.cua.uam.mx:8080/jspui/handle/123456789/1212: dc:creator | ['Insigne Visual, Revista digital de diseño gráfico.  Año 1 Número 4. 2012', 'http://ilitia.cua.uam.mx:8080/jspui/handle/123456789/706']: dc:creator | http://ilitia.cua.uam.mx:8080/jspui/handle/123456789/973: dc:creator | http://ilitia.cua.uam.mx:8080/jspui/handle/123456789/1130: dc:creator | http://ilitia.cua.uam.mx:8080/jspui/handle/123456789/1150: dc:creator | http://ilitia.cua.uam.mx:8080/jspui/handle/123456789/1262: dc:creator"
Fuente_de_Objetos_Cient_ficos_Open_Access.json                                                                                                     ,          2657,             112,                   0,             2545, "@xmlns:dc, @xmlns:doc, @xmlns:oai_dc, @xmlns:xsi, @xsi:schemaLocation, dc:audience, dc:contributor, dc:creator, dc:date, dc:description, dc:format, dc:identifier, dc:language, dc:publisher, dc:relation, dc:rights, dc:source, dc:subject, dc:title, dc:type"                    , All mandatory fields present
MEJORA_Y_ADECUACI_N_DEL_REPOSITORIO_INSTITUCIONAL_DE_LA_UNIVERSIDAD_AUT_NOMA_DE_QUER_TARO.json                                                     ,           100,               0,                   5,               95, "@xmlns:dc, @xmlns:doc, @xmlns:oai_dc, @xmlns:xsi, @xsi:schemaLocation, dc:colaborator, dc:creator, dc:date, dc:description, dc:format, dc:identifier, dc:language, dc:publisher, dc:rights, dc:subject, dc:title, dc:type"                                                         , https://ri-ng.uaq.mx/handle/123456789/10696: dc:date | https://ri-ng.uaq.mx/handle/123456789/10814: dc:date | https://ri-ng.uaq.mx/handle/123456789/10650: dc:date | https://ri-ng.uaq.mx/handle/123456789/10653: dc:date | https://ri-ng.uaq.mx/handle/123456789/10894: dc:date
Memoria_Institucional_CISAN_Repositorio_Institucional_UNAM.json                                                                                    ,           100,               0,                   7,               93, "@xmlns:dc, @xmlns:doc, @xmlns:oai_dc, @xmlns:xsi, @xsi:schemaLocation, dc:contributor, dc:coverage, dc:creator, dc:date, dc:description, dc:format, dc:identifier, dc:language, dc:publisher, dc:relation, dc:rights, dc:source, dc:subject, dc:title, dc:type"                    , "['https://ru.micisan.unam.mx/handle/123456789/16864', 'VOM_1986_0001_0058', 'CONACYT']: dc:creator | ['978-607-02-5474-1', 'https://ru.micisan.unam.mx/handle/123456789/16574', 'L0104', 'CONACYT', '978-607-02-6006-3', '978-607-02-9123-4']: dc:creator | ['https://ru.micisan.unam.mx/handle/123456789/17850', 'VOM_1998_0045_0080', 'CONACYT']: dc:creator | ['0186-9418', 'https://ru.micisan.unam.mx/handle/123456789/16775', 'VOM_2003_0064', 'CONACYT']: dc:creator | ['0186-9418', 'https://ru.micisan.unam.mx/handle/123456789/16744', 'VOM_1996_0037', 'CONACYT']: dc:creator | ['https://ru.micisan.unam.mx/handle/123456789/16850', 'VOM_1986_0001_0023', 'CONACYT']: dc:creator | ['978-607-30-0869-3', 'https://ru.micisan.unam.mx/handle/123456789/1152', '“Sobre los autores”, en Los migrantes: actores del siglo XXI. Memoria de la Conferencia Internacional Metrópolis. México: Universidad Nacional Autónoma de México, Centro de Investigaciones sobre América del Norte, 2018, 173-180 pp', 'L0142_0173', 'CONACYT']: dc:creator"
Repositorio_COLSAN.json                                                                                                                            ,          1682,              60,                   0,             1622, "@xmlns:dc, @xmlns:doc, @xmlns:oai_dc, @xmlns:xsi, @xsi:schemaLocation, dc:audience, dc:contributor, dc:coverage, dc:creator, dc:date, dc:description, dc:format, dc:identifier, dc:language, dc:publisher, dc:relation, dc:rights, dc:source, dc:subject, dc:title, dc:type"       , All mandatory fields present
Repositorio_del_Instituto_de_Qu_mica.json                                                                                                          ,           100,               0,                   0,              100, "@xmlns:dc, @xmlns:doc, @xmlns:oai_dc, @xmlns:xsi, @xsi:schemaLocation, dc:contributor, dc:coverage, dc:creator, dc:date, dc:description, dc:format, dc:identifier, dc:language, dc:publicationYear, dc:publisher, dc:relation, dc:rights, dc:source, dc:subject, dc:title, dc:type", All mandatory fields present
Repositorio_del_Instituto_Nacional_de_Pediatr_a.json                                                                                               ,             0,               0,                   0,                0,                                                                                                                                                                                                                                                                                     , All mandatory fields present
Repositorio_del_Instituto_Nacional_de_Psiquiatr_a_Ram_n_de_la_Fuente_Mu_iz.json                                                                    ,           100,               6,                   0,               94, "@xmlns:dc, @xmlns:doc, @xmlns:oai_dc, @xmlns:xsi, @xsi:schemaLocation, dc:creator, dc:date, dc:description, dc:format, dc:identifier, dc:language, dc:publisher, dc:relation, dc:rights, dc:source, dc:subject, dc:title, dc:type"                                                 , All mandatory fields present
Repositorio_de_datos_del_Servicio_Sismol_gico_Nacional.json                                                                                        ,           100,               0,                 100,                0, "@xmlns:dc, @xmlns:doc, @xmlns:oai_dc, @xmlns:xsi, @xsi:schemaLocation, dc:coverage, dc:date, dc:description, dc:format, dc:identifier, dc:language, dc:publisher, dc:rights, dc:source, dc:subject, dc:title, dc:type"                                                             , http://rigeofisica.ssn.unam.mx/jspui/handle/ssnmx/22330: dc:creator | http://rigeofisica.ssn.unam.mx/jspui/handle/ssnmx/27274: dc:creator | http://rigeofisica.ssn.unam.mx/jspui/handle/ssnmx/16565: dc:creator | http://rigeofisica.ssn.unam.mx/jspui/handle/ssnmx/9098: dc:creator | http://rigeofisica.ssn.unam.mx/jspui/handle/ssnmx/21177: dc:creator | http://rigeofisica.ssn.unam.mx/jspui/handle/ssnmx/3220: dc:creator | http://rigeofisica.ssn.unam.mx/jspui/handle/ssnmx/10184: dc:creator | http://rigeofisica.ssn.unam.mx/jspui/handle/ssnmx/23857: dc:creator | http://rigeofisica.ssn.unam.mx/jspui/handle/ssnmx/4049: dc:creator | http://rigeofisica.ssn.unam.mx/jspui/handle/ssnmx/16933: dc:creator | http://rigeofisica.ssn.unam.mx/jspui/handle/ssnmx/892: dc:creator | http://rigeofisica.ssn.unam.mx/jspui/handle/ssnmx/1811: dc:creator | http://rigeofisica.ssn.unam.mx/jspui/handle/ssnmx/362: dc:creator | http://rigeofisica.ssn.unam.mx/jspui/handle/ssnmx/27072: dc:creator | http://rigeofisica.ssn.unam.mx/jspui/handle/ssnmx/3827: dc:creator | http://rigeofisica.ssn.unam.mx/jspui/handle/ssnmx/12588: dc:creator | http://rigeofisica.ssn.unam.mx/jspui/handle/ssnmx/7189: dc:creator | http://rigeofisica.ssn.unam.mx/jspui/handle/ssnmx/10001: dc:creator | http://rigeofisica.ssn.unam.mx/jspui/handle/ssnmx/8789: dc:creator | http://rigeofisica.ssn.unam.mx/jspui/handle/ssnmx/22207: dc:creator | http://rigeofisica.ssn.unam.mx/jspui/handle/ssnmx/26293: dc:creator | http://rigeofisica.ssn.unam.mx/jspui/handle/ssnmx/21410: dc:creator | http://rigeofisica.ssn.unam.mx/jspui/handle/ssnmx/20933: dc:creator | http://rigeofisica.ssn.unam.mx/jspui/handle/ssnmx/12974: dc:creator | http://rigeofisica.ssn.unam.mx/jspui/handle/ssnmx/18514: dc:creator | http://rigeofisica.ssn.unam.mx/jspui/handle/ssnmx/337: dc:creator | http://rigeofisica.ssn.unam.mx/jspui/handle/ssnmx/3405: dc:creator | http://rigeofisica.ssn.unam.mx/jspui/handle/ssnmx/9861: dc:creator | http://rigeofisica.ssn.unam.mx/jspui/handle/ssnmx/14658: dc:creator | http://rigeofisica.ssn.unam.mx/jspui/handle/ssnmx/11675: dc:creator | http://rigeofisica.ssn.unam.mx/jspui/handle/ssnmx/21285: dc:creator | http://rigeofisica.ssn.unam.mx/jspui/handle/ssnmx/22221: dc:creator | http://rigeofisica.ssn.unam.mx/jspui/handle/ssnmx/3330: dc:creator | http://rigeofisica.ssn.unam.mx/jspui/handle/ssnmx/2583: dc:creator | http://rigeofisica.ssn.unam.mx/jspui/handle/ssnmx/25008: dc:creator | http://rigeofisica.ssn.unam.mx/jspui/handle/ssnmx/1731: dc:creator | http://rigeofisica.ssn.unam.mx/jspui/handle/ssnmx/7663: dc:creator | http://rigeofisica.ssn.unam.mx/jspui/handle/ssnmx/24586: dc:creator | http://rigeofisica.ssn.unam.mx/jspui/handle/ssnmx/17979: dc:creator | http://rigeofisica.ssn.unam.mx/jspui/handle/ssnmx/12121: dc:creator | http://rigeofisica.ssn.unam.mx/jspui/handle/ssnmx/8447: dc:creator | http://rigeofisica.ssn.unam.mx/jspui/handle/ssnmx/5062: dc:creator | http://rigeofisica.ssn.unam.mx/jspui/handle/ssnmx/26464: dc:creator | http://rigeofisica.ssn.unam.mx/jspui/handle/ssnmx/25375: dc:creator | http://rigeofisica.ssn.unam.mx/jspui/handle/ssnmx/6648: dc:creator | http://rigeofisica.ssn.unam.mx/jspui/handle/ssnmx/14046: dc:creator | http://rigeofisica.ssn.unam.mx/jspui/handle/ssnmx/24642: dc:creator | http://rigeofisica.ssn.unam.mx/jspui/handle/ssnmx/18814: dc:creator | http://rigeofisica.ssn.unam.mx/jspui/handle/ssnmx/2752: dc:creator | http://rigeofisica.ssn.unam.mx/jspui/handle/ssnmx/3025: dc:creator | http://rigeofisica.ssn.unam.mx/jspui/handle/ssnmx/5301: dc:creator | http://rigeofisica.ssn.unam.mx/jspui/handle/ssnmx/24271: dc:creator | http://rigeofisica.ssn.unam.mx/jspui/handle/ssnmx/26023: dc:creator | http://rigeofisica.ssn.unam.mx/jspui/handle/ssnmx/14860: dc:creator | http://rigeofisica.ssn.unam.mx/jspui/handle/ssnmx/10680: dc:creator | http://rigeofisica.ssn.unam.mx/jspui/handle/ssnmx/24236: dc:creator | http://rigeofisica.ssn.unam.mx/jspui/handle/ssnmx/2949: dc:creator | http://rigeofisica.ssn.unam.mx/jspui/handle/ssnmx/25252: dc:creator | http://rigeofisica.ssn.unam.mx/jspui/handle/ssnmx/8858: dc:creator | http://rigeofisica.ssn.unam.mx/jspui/handle/ssnmx/20049: dc:creator | http://rigeofisica.ssn.unam.mx/jspui/handle/ssnmx/15425: dc:creator | http://rigeofisica.ssn.unam.mx/jspui/handle/ssnmx/15486: dc:creator | http://rigeofisica.ssn.unam.mx/jspui/handle/ssnmx/1616: dc:creator | http://rigeofisica.ssn.unam.mx/jspui/handle/ssnmx/2835: dc:creator | http://rigeofisica.ssn.unam.mx/jspui/handle/ssnmx/26283: dc:creator | http://rigeofisica.ssn.unam.mx/jspui/handle/ssnmx/14239: dc:creator | http://rigeofisica.ssn.unam.mx/jspui/handle/ssnmx/5926: dc:creator | http://rigeofisica.ssn.unam.mx/jspui/handle/ssnmx/3091: dc:creator | http://rigeofisica.ssn.unam.mx/jspui/handle/ssnmx/17631: dc:creator | http://rigeofisica.ssn.unam.mx/jspui/handle/ssnmx/27278: dc:creator | http://rigeofisica.ssn.unam.mx/jspui/handle/ssnmx/26583: dc:creator | http://rigeofisica.ssn.unam.mx/jspui/handle/ssnmx/16813: dc:creator | http://rigeofisica.ssn.unam.mx/jspui/handle/ssnmx/7478: dc:creator | http://rigeofisica.ssn.unam.mx/jspui/handle/ssnmx/19276: dc:creator | http://rigeofisica.ssn.unam.mx/jspui/handle/ssnmx/7389: dc:creator | http://rigeofisica.ssn.unam.mx/jspui/handle/ssnmx/2233: dc:creator | http://rigeofisica.ssn.unam.mx/jspui/handle/ssnmx/23196: dc:creator | http://rigeofisica.ssn.unam.mx/jspui/handle/ssnmx/9628: dc:creator | http://rigeofisica.ssn.unam.mx/jspui/handle/ssnmx/19718: dc:creator | http://rigeofisica.ssn.unam.mx/jspui/handle/ssnmx/12471: dc:creator | http://rigeofisica.ssn.unam.mx/jspui/handle/ssnmx/21393: dc:creator | http://rigeofisica.ssn.unam.mx/jspui/handle/ssnmx/24081: dc:creator | http://rigeofisica.ssn.unam.mx/jspui/handle/ssnmx/220: dc:creator | http://rigeofisica.ssn.unam.mx/jspui/handle/ssnmx/16119: dc:creator | http://rigeofisica.ssn.unam.mx/jspui/handle/ssnmx/16579: dc:creator | http://rigeofisica.ssn.unam.mx/jspui/handle/ssnmx/15456: dc:creator | http://rigeofisica.ssn.unam.mx/jspui/handle/ssnmx/4888: dc:creator | http://rigeofisica.ssn.unam.mx/jspui/handle/ssnmx/12467: dc:creator | http://rigeofisica.ssn.unam.mx/jspui/handle/ssnmx/26703: dc:creator | http://rigeofisica.ssn.unam.mx/jspui/handle/ssnmx/24254: dc:creator | http://rigeofisica.ssn.unam.mx/jspui/handle/ssnmx/7642: dc:creator | http://rigeofisica.ssn.unam.mx/jspui/handle/ssnmx/23721: dc:creator | http://rigeofisica.ssn.unam.mx/jspui/handle/ssnmx/12160: dc:creator | http://rigeofisica.ssn.unam.mx/jspui/handle/ssnmx/21718: dc:creator | http://rigeofisica.ssn.unam.mx/jspui/handle/ssnmx/16144: dc:creator | http://rigeofisica.ssn.unam.mx/jspui/handle/ssnmx/6760: dc:creator | http://rigeofisica.ssn.unam.mx/jspui/handle/ssnmx/16216: dc:creator | http://rigeofisica.ssn.unam.mx/jspui/handle/ssnmx/11369: dc:creator | http://rigeofisica.ssn.unam.mx/jspui/handle/ssnmx/12435: dc:creator | http://rigeofisica.ssn.unam.mx/jspui/handle/ssnmx/26291: dc:creator
Repositorio_de_datos_ecol_gicos.json                                                                                                               ,           234,               2,                   0,              232, "@xmlns:dc, @xmlns:doc, @xmlns:oai_dc, @xmlns:xsi, @xsi:schemaLocation, dc:audience, dc:contributor, dc:coverage, dc:creator, dc:date, dc:description, dc:format, dc:identifier, dc:language, dc:publisher, dc:relation, dc:rights, dc:source, dc:subject, dc:title, dc:type"       , All mandatory fields present
Repositorio_de_Recursos_Geot_rmicos_para_M_xico.json                                                                                               ,           100,               0,                   0,              100, "@xmlns:dc, @xmlns:doc, @xmlns:oai_dc, @xmlns:xsi, @xsi:schemaLocation, dc:coverage, dc:creator, dc:date, dc:format, dc:identifier, dc:language, dc:publisher, dc:rights, dc:subject, dc:title, dc:type"                                                                            , All mandatory fields present
Repositorio_Digital_CID-UAAAN.json                                                                                                                 ,           100,               5,                  47,               48, "@xmlns:dc, @xmlns:doc, @xmlns:oai_dc, @xmlns:xsi, @xsi:schemaLocation, dc:audience, dc:contributor, dc:coverage, dc:creator, dc:date, dc:description, dc:format, dc:identifier, dc:language, dc:rights, dc:source, dc:subject, dc:title, dc:type"                                  , "http://repositorio.uaaan.mx:8080/xmlui/handle/123456789/46504: dc:creator, dc:rights, dc:date | http://repositorio.uaaan.mx:8080/xmlui/handle/123456789/1523: dc:creator, dc:rights | oai:repositorio.uaaan.mx:123456789/3061: dc:creator, dc:rights, dc:date, dc:identifier | oai:repositorio.uaaan.mx:123456789/8104: dc:creator, dc:rights, dc:date, dc:identifier | oai:repositorio.uaaan.mx:123456789/2912: dc:identifier | http://repositorio.uaaan.mx/xmlui/handle/123456789/4110: dc:rights | http://repositorio.uaaan.mx:8080/xmlui/handle/123456789/1898: dc:creator, dc:rights | http://repositorio.uaaan.mx:8080/xmlui/handle/123456789/42322: dc:creator, dc:rights | oai:repositorio.uaaan.mx:123456789/6083: dc:creator, dc:rights, dc:date, dc:identifier | oai:repositorio.uaaan.mx:123456789/2262: dc:identifier | http://repositorio.uaaan.mx:8080/xmlui/handle/123456789/4738: dc:creator, dc:rights | oai:repositorio.uaaan.mx:123456789/4795: dc:creator, dc:rights, dc:date, dc:identifier | oai:repositorio.uaaan.mx:123456789/3369: dc:identifier | oai:repositorio.uaaan.mx:123456789/3037: dc:identifier | http://repositorio.uaaan.mx:8080/xmlui/handle/123456789/819: dc:creator, dc:rights | http://repositorio.uaaan.mx:8080/xmlui/handle/123456789/1774: dc:creator, dc:rights | http://repositorio.uaaan.mx:8080/xmlui/handle/123456789/44523: dc:creator, dc:rights, dc:date | oai:repositorio.uaaan.mx:123456789/6477: dc:creator, dc:rights, dc:date, dc:identifier | oai:repositorio.uaaan.mx:123456789/7961: dc:creator, dc:rights, dc:date, dc:identifier | oai:repositorio.uaaan.mx:123456789/253: dc:creator, dc:rights, dc:date, dc:identifier | oai:repositorio.uaaan.mx:123456789/3561: dc:creator, dc:rights, dc:date, dc:identifier | oai:repositorio.uaaan.mx:123456789/2069: dc:identifier | oai:repositorio.uaaan.mx:123456789/2326: dc:identifier | http://repositorio.uaaan.mx/xmlui/handle/123456789/4118: dc:rights | http://repositorio.uaaan.mx:8080/xmlui/handle/123456789/44673: dc:creator, dc:rights, dc:date | oai:repositorio.uaaan.mx:123456789/7278: dc:identifier | oai:repositorio.uaaan.mx:123456789/1323: dc:creator, dc:rights, dc:date, dc:identifier | oai:repositorio.uaaan.mx:123456789/42941: dc:identifier | oai:repositorio.uaaan.mx:123456789/3158: dc:creator, dc:rights, dc:date, dc:identifier | oai:repositorio.uaaan.mx:123456789/2824: dc:identifier | oai:repositorio.uaaan.mx:123456789/3684: dc:creator, dc:rights, dc:date, dc:identifier | oai:repositorio.uaaan.mx:123456789/4216: dc:creator, dc:rights, dc:date, dc:identifier | http://repositorio.uaaan.mx:8080/xmlui/handle/123456789/5163: dc:creator, dc:rights | http://repositorio.uaaan.mx:8080/xmlui/handle/123456789/44639: dc:creator, dc:rights, dc:date | oai:repositorio.uaaan.mx:123456789/2212: dc:identifier | http://repositorio.uaaan.mx:8080/xmlui/handle/123456789/1432: dc:creator, dc:rights | http://repositorio.uaaan.mx:8080/xmlui/handle/123456789/43822: dc:creator, dc:rights, dc:date | oai:repositorio.uaaan.mx:123456789/4657: dc:creator, dc:rights, dc:date, dc:identifier | http://repositorio.uaaan.mx/xmlui/handle/123456789/42274: dc:rights, dc:type | oai:repositorio.uaaan.mx:123456789/3677: dc:creator, dc:rights, dc:date, dc:identifier | http://repositorio.uaaan.mx:8080/xmlui/handle/123456789/44748: dc:creator, dc:rights, dc:date | oai:repositorio.uaaan.mx:123456789/2350: dc:identifier | http://repositorio.uaaan.mx:8080/xmlui/handle/123456789/4668: dc:creator, dc:rights | http://repositorio.uaaan.mx:8080/xmlui/handle/123456789/1314: dc:creator, dc:rights | http://repositorio.uaaan.mx/xmlui/handle/123456789/7634: dc:rights | http://repositorio.uaaan.mx/xmlui/handle/123456789/8013: dc:rights | http://repositorio.uaaan.mx:8080/xmlui/handle/123456789/5711: dc:creator, dc:rights"
Repositorio_Digital_CIDE.json                                                                                                                      ,           947,              30,                   0,              917, "@xmlns:dc, @xmlns:doc, @xmlns:oai_dc, @xmlns:xsi, @xsi:schemaLocation, dc:audience, dc:contributor, dc:creator, dc:date, dc:description, dc:format, dc:identifier, dc:language, dc:publisher, dc:relation, dc:rights, dc:source, dc:subject, dc:title, dc:type"                    , All mandatory fields present
Repositorio_Digital_Institucional_de_la_Universidad_Aut_noma_de_Yucat_n.json                                                                       ,           100,               0,                   0,              100, "@xmlns:dc, @xmlns:doc, @xmlns:oai_dc, @xmlns:xsi, @xsi:schemaLocation, dc:audience, dc:contributor, dc:coverage, dc:creator, dc:date, dc:description, dc:format, dc:identifier, dc:language, dc:rights, dc:source, dc:subject, dc:title, dc:type"                                  , All mandatory fields present
Repositorio_Institucional_Abierto_de_Conocimiento_en_Salud_P_blica.json                                                                            ,           100,               0,                   0,              100, "@xmlns:dc, @xmlns:doc, @xmlns:oai_dc, @xmlns:xsi, @xsi:schemaLocation, dc:coverage, dc:creator, dc:date, dc:description, dc:format, dc:identifier, dc:language, dc:publisher, dc:rights, dc:subject, dc:title, dc:type"                                                            , All mandatory fields present
Repositorio_Institucional_Aramara.json                                                                                                             ,           100,               0,                   0,              100, "@xmlns:dc, @xmlns:doc, @xmlns:oai_dc, @xmlns:xsi, @xsi:schemaLocation, dc:audience, dc:coverage, dc:creator, dc:date, dc:description, dc:format, dc:identifier, dc:language, dc:publisher, dc:rights, dc:source, dc:subject, dc:title, dc:type"                                    , All mandatory fields present
Repositorio_Institucional_Caxc_n.json                                                                                                              ,           100,               0,                   2,               98, "@xmlns:dc, @xmlns:doc, @xmlns:oai_dc, @xmlns:xsi, @xsi:schemaLocation, dc:audience, dc:creator, dc:date, dc:description, dc:format, dc:identifier, dc:language, dc:rights, dc:subject, dc:title, dc:type"                                                                          , http://ricaxcan.uaz.edu.mx/jspui/handle/20.500.11845/1552: dc:creator | http://ricaxcan.uaz.edu.mx/jspui/handle/20.500.11845/1174: dc:creator
Repositorio_Institucional_CIATEC.json                                                                                                              ,           224,               6,                   0,              218, "@xmlns:dc, @xmlns:doc, @xmlns:oai_dc, @xmlns:xsi, @xsi:schemaLocation, dc:audience, dc:contributor, dc:creator, dc:date, dc:description, dc:format, dc:identifier, dc:language, dc:publisher, dc:relation, dc:rights, dc:source, dc:subject, dc:title, dc:type"                    , All mandatory fields present
Repositorio_Institucional_CIBNOR.json                                                                                                              ,             0,               0,                   0,                0,                                                                                                                                                                                                                                                                                     , All mandatory fields present
Repositorio_Institucional_CICESE.json                                                                                                              ,          4008,              73,                   0,             3935, "@xmlns:dc, @xmlns:doc, @xmlns:oai_dc, @xmlns:xsi, @xsi:schemaLocation, dc:audience, dc:contributor, dc:coverage, dc:creator, dc:date, dc:description, dc:format, dc:identifier, dc:language, dc:publisher, dc:relation, dc:rights, dc:source, dc:subject, dc:title, dc:type"       , All mandatory fields present
Repositorio_Institucional_CICY.json                                                                                                                ,          3271,              60,                   0,             3211, "@xmlns:dc, @xmlns:doc, @xmlns:oai_dc, @xmlns:xsi, @xsi:schemaLocation, dc:audience, dc:contributor, dc:coverage, dc:creator, dc:date, dc:description, dc:format, dc:identifier, dc:language, dc:publisher, dc:relation, dc:rights, dc:source, dc:subject, dc:title, dc:type"       , All mandatory fields present
Repositorio_Institucional_CIDESI.json                                                                                                              ,           327,               2,                   0,              325, "@xmlns:dc, @xmlns:doc, @xmlns:oai_dc, @xmlns:xsi, @xsi:schemaLocation, dc:audience, dc:contributor, dc:coverage, dc:creator, dc:date, dc:description, dc:format, dc:identifier, dc:language, dc:publisher, dc:relation, dc:rights, dc:source, dc:subject, dc:title, dc:type"       , All mandatory fields present
REPOSITORIO_INSTITUCIONAL_CIDETEQ.json                                                                                                             ,           479,              18,                   0,              461, "@xmlns:dc, @xmlns:doc, @xmlns:oai_dc, @xmlns:xsi, @xsi:schemaLocation, dc:audience, dc:contributor, dc:coverage, dc:creator, dc:date, dc:description, dc:format, dc:identifier, dc:language, dc:publisher, dc:relation, dc:rights, dc:source, dc:subject, dc:title, dc:type"       , All mandatory fields present
Repositorio_Institucional_CIMAT.json                                                                                                               ,          1141,               7,                   0,             1134, "@xmlns:dc, @xmlns:doc, @xmlns:oai_dc, @xmlns:xsi, @xsi:schemaLocation, dc:audience, dc:contributor, dc:creator, dc:date, dc:description, dc:format, dc:identifier, dc:language, dc:publisher, dc:rights, dc:subject, dc:title, dc:type"                                            , All mandatory fields present
Repositorio_Institucional_del_Centro_de_Investigaci_n_en_Qu_mica_Aplicada.json                                                                     ,           755,               0,                   0,              755, "@xmlns:dc, @xmlns:doc, @xmlns:oai_dc, @xmlns:xsi, @xsi:schemaLocation, dc:audience, dc:creator, dc:date, dc:description, dc:format, dc:identifier, dc:language, dc:publisher, dc:rights, dc:subject, dc:title, dc:type"                                                            , All mandatory fields present
Repositorio_institucional_del_CIAD_A_C_.json                                                                                                       ,          1363,              98,                   0,             1265, "@xmlns:dc, @xmlns:doc, @xmlns:oai_dc, @xmlns:xsi, @xsi:schemaLocation, dc:audience, dc:contributor, dc:coverage, dc:creator, dc:date, dc:description, dc:format, dc:identifier, dc:language, dc:publisher, dc:relation, dc:rights, dc:source, dc:subject, dc:title, dc:type"       , All mandatory fields present
REPOSITORIO_INSTITUCIONAL_DEL_CIESAS.json                                                                                                          ,          1864,             108,                   0,             1756, "@xmlns:dc, @xmlns:doc, @xmlns:oai_dc, @xmlns:xsi, @xsi:schemaLocation, dc:audience, dc:contributor, dc:coverage, dc:creator, dc:date, dc:description, dc:format, dc:identifier, dc:language, dc:publisher, dc:relation, dc:rights, dc:source, dc:subject, dc:title, dc:type"       , All mandatory fields present
REPOSITORIO_INSTITUCIONAL_DEL_CIO.json                                                                                                             ,          1091,              26,                   0,             1065, "@xmlns:dc, @xmlns:doc, @xmlns:oai_dc, @xmlns:xsi, @xsi:schemaLocation, dc:audience, dc:contributor, dc:coverage, dc:creator, dc:date, dc:description, dc:format, dc:identifier, dc:language, dc:publisher, dc:relation, dc:rights, dc:subject, dc:title, dc:type"                  , All mandatory fields present
Repositorio_Institucional_del_INAOE.json                                                                                                           ,          2675,              64,                   0,             2611, "@xmlns:dc, @xmlns:doc, @xmlns:oai_dc, @xmlns:xsi, @xsi:schemaLocation, dc:audience, dc:contributor, dc:creator, dc:date, dc:description, dc:format, dc:identifier, dc:language, dc:publisher, dc:relation, dc:rights, dc:source, dc:subject, dc:title, dc:type"                    , All mandatory fields present
Repositorio_Institucional_del_Instituto_de_Investigaciones_Bibliotecol_gicas_y_de_la_Informaci_n_de_la_Universidad_Nacional_Aut_noma_de_M_xico.json,             0,               0,                   0,                0,                                                                                                                                                                                                                                                                                     , All mandatory fields present
Repositorio_Institucional_de_Acceso_Abierto_de_la_Universidad_Aut_noma_del_Estado_de_Morelos.json                                                  ,           100,               1,                   0,               99, "@xmlns:dc, @xmlns:doc, @xmlns:oai_dc, @xmlns:xsi, @xsi:schemaLocation, dc:audience, dc:contributor, dc:coverage, dc:creator, dc:date, dc:description, dc:format, dc:identifier, dc:language, dc:publisher, dc:relation, dc:rights, dc:subject, dc:title, dc:type"                  , All mandatory fields present
Repositorio_Institucional_de_CENTROGEO.json                                                                                                        ,           310,               9,                   0,              301, "@xmlns:dc, @xmlns:doc, @xmlns:oai_dc, @xmlns:xsi, @xsi:schemaLocation, dc:audience, dc:contributor, dc:coverage, dc:creator, dc:date, dc:description, dc:format, dc:identifier, dc:language, dc:publisher, dc:relation, dc:rights, dc:source, dc:subject, dc:title, dc:type"       , All mandatory fields present
Repositorio_Institucional_de_CIATEJ.json                                                                                                           ,             0,               0,                   0,                0,                                                                                                                                                                                                                                                                                     , All mandatory fields present
Repositorio_Institucional_de_COLMICH.json                                                                                                          ,          1472,              55,                   0,             1417, "@xmlns:dc, @xmlns:doc, @xmlns:oai_dc, @xmlns:xsi, @xsi:schemaLocation, dc:audience, dc:contributor, dc:creator, dc:date, dc:description, dc:format, dc:identifier, dc:language, dc:publisher, dc:relation, dc:rights, dc:source, dc:subject, dc:title, dc:type"                    , All mandatory fields present
Repositorio_Institucional_de_ECOSUR.json                                                                                                           ,          2720,             682,                   0,             2038, "@xmlns:dc, @xmlns:doc, @xmlns:oai_dc, @xmlns:xsi, @xsi:schemaLocation, dc:audience, dc:contributor, dc:creator, dc:date, dc:description, dc:format, dc:identifier, dc:language, dc:publisher, dc:relation, dc:rights, dc:source, dc:subject, dc:title, dc:type"                    , All mandatory fields present
Repositorio_Institucional_de_El_Colegio_de_la_Frontera_Norte.json                                                                                  ,           634,               9,                   0,              625, "@xmlns:dc, @xmlns:doc, @xmlns:oai_dc, @xmlns:xsi, @xsi:schemaLocation, dc:audience, dc:contributor, dc:creator, dc:date, dc:description, dc:format, dc:identifier, dc:language, dc:publisher, dc:relation, dc:rights, dc:source, dc:subject, dc:title, dc:type"                    , All mandatory fields present
Repositorio_Institucional_de_INFOTEC.json                                                                                                          ,           638,              44,                   0,              594, "@xmlns:dc, @xmlns:doc, @xmlns:oai_dc, @xmlns:xsi, @xsi:schemaLocation, dc:audience, dc:contributor, dc:coverage, dc:creator, dc:date, dc:description, dc:format, dc:identifier, dc:language, dc:publisher, dc:relation, dc:rights, dc:source, dc:subject, dc:title, dc:type"       , All mandatory fields present
REPOSITORIO_INSTITUCIONAL_DE_LA_UAEM.json                                                                                                          ,             0,               0,                   0,                0,                                                                                                                                                                                                                                                                                     , All mandatory fields present
Repositorio_Institucional_de_la_Universidad_Aut_noma_de_Tamaulipas.json                                                                            ,           100,               0,                   0,              100, "@xmlns:dc, @xmlns:doc, @xmlns:oai_dc, @xmlns:xsi, @xsi:schemaLocation, dc:audience, dc:contributor, dc:creator, dc:date, dc:description, dc:format, dc:identifier, dc:language, dc:publisher, dc:rights, dc:source, dc:subject, dc:title, dc:type"                                 , All mandatory fields present
Repositorio_Institucional_de_la_Universidad_de_Guanajuato.json                                                                                     ,           100,               0,                   0,              100, "@xmlns:dc, @xmlns:doc, @xmlns:oai_dc, @xmlns:xsi, @xsi:schemaLocation, dc:contributor, dc:coverage, dc:creator, dc:date, dc:description, dc:format, dc:identifier, dc:language, dc:publisher, dc:relation, dc:rights, dc:source, dc:subject, dc:title, dc:type"                    , All mandatory fields present
Repositorio_Institucional_FLACSO_M_xico.json                                                                                                       ,           481,               3,                   0,              478, "@xmlns:dc, @xmlns:doc, @xmlns:oai_dc, @xmlns:xsi, @xsi:schemaLocation, dc:audience, dc:contributor, dc:creator, dc:date, dc:description, dc:format, dc:identifier, dc:language, dc:publisher, dc:relation, dc:rights, dc:source, dc:subject, dc:title, dc:type"                    , All mandatory fields present
Repositorio_Institucional_INECOL.json                                                                                                              ,           895,               1,                   0,              894, "@xmlns:dc, @xmlns:doc, @xmlns:oai_dc, @xmlns:xsi, @xsi:schemaLocation, dc:audience, dc:contributor, dc:coverage, dc:creator, dc:date, dc:description, dc:format, dc:identifier, dc:language, dc:publisher, dc:relation, dc:rights, dc:source, dc:subject, dc:title, dc:type"       , All mandatory fields present
Repositorio_Institucional_NINIVE.json                                                                                                              ,           100,               1,                  16,               83, "@xmlns:dc, @xmlns:doc, @xmlns:oai_dc, @xmlns:xsi, @xsi:schemaLocation, dc:contributor, dc:coverage, dc:creator, dc:date, dc:description, dc:format, dc:identifier, dc:language, dc:publisher, dc:relation, dc:rights, dc:subject, dc:title, dc:type"                               , "https://repositorioinstitucional.uaslp.mx/xmlui/handle/i/3115: dc:rights | https://repositorioinstitucional.uaslp.mx/xmlui/handle/i/3144: dc:rights | https://repositorioinstitucional.uaslp.mx/xmlui/handle/i/2752: dc:creator | https://repositorioinstitucional.uaslp.mx/xmlui/handle/i/4680: dc:rights | ['18701698', 'https://repositorioinstitucional.uaslp.mx/xmlui/handle/i/2700']: dc:creator | ['Galindo Mendoza, M. G., y Contreras Servín, C., (Coordinadores) (2018). Geomedicina y la tecnología espacial aplicada al caso de los vectores en salud humana  (1a. ed.). San Luis Potosí, México. Editorial de la Universidad Autónoma de San Luis Potosí. Recuperado de: https://repositorioinstitucional.uaslp.mx/xmlui/handle/i/9063', '978-607-535-065-3', 'https://repositorioinstitucional.uaslp.mx/xmlui/handle/i/9063']: dc:creator | ['978-607-535-032-5', 'https://repositorioinstitucional.uaslp.mx/xmlui/handle/i/4243']: dc:creator, dc:rights | https://repositorioinstitucional.uaslp.mx/xmlui/handle/i/2929: dc:rights | https://repositorioinstitucional.uaslp.mx/xmlui/handle/i/4654: dc:rights | ['1870-1698', 'https://repositorioinstitucional.uaslp.mx/xmlui/handle/i/3500']: dc:creator, dc:rights, dc:type | https://repositorioinstitucional.uaslp.mx/xmlui/handle/i/4754: dc:rights | ['18701698', 'https://repositorioinstitucional.uaslp.mx/xmlui/handle/i/2678']: dc:creator | ['19899300', 'https://repositorioinstitucional.uaslp.mx/xmlui/handle/i/2730']: dc:creator | ['698-6194-94-0', 'https://repositorioinstitucional.uaslp.mx/xmlui/handle/i/3178']: dc:rights | https://repositorioinstitucional.uaslp.mx/xmlui/handle/i/4704: dc:rights | https://repositorioinstitucional.uaslp.mx/xmlui/handle/i/4257: dc:rights"
Repositorio_Institucional_RUTIC.json                                                                                                               ,           100,               0,                  92,                8, "@xmlns:dc, @xmlns:doc, @xmlns:oai_dc, @xmlns:xsi, @xsi:schemaLocation, dc:contributor, dc:creator, dc:date, dc:description, dc:format, dc:identifier, dc:language, dc:publisher, dc:relation, dc:rights, dc:subject, dc:title, dc:type"                                            , "['https://repositorio.tic.unam.mx/handle/123456789/3985', 'https://doi.org/10.1007/s41884-023-00107-y', 'Legaria, U., Mota, S., Martínez, S., Cobá, A., Chablé, A., & Neme, A. (2023). Anomaly detection in the probability simplex under different geometries. Information Geometry, 6(2), 385-412. https://doi.org/10.1007/s41884-023-00107-y']: dc:rights | ['https://repositorio.tic.unam.mx/handle/123456789/2721', 'https://www.youtube.com/watch?v=byFsxEEQE3U', 'Unidades: bit, byte, kilobyte, megabyte, gigabyte, terabyte, petabyte, exabyte y zettabyte. (2016). Dirección General de Cómputo y de Tecnologías de Información y Comunicación, UNAM. Recuperado de https://repositorio.tic.unam.mx/handle/123456789/2721']: dc:creator | ['https://repositorio.tic.unam.mx/handle/123456789/3824', 'https://drive.google.com/file/d/1MwshqYlmRT1V8Z6rHaEhuIaiAmzs-1Z8/view', 'Guadalupe Vadillo, B. J., Cervantes, F., Terrazas, O., Valencia, P., Prado, J., Pineda, Vania. (2018). Sistemas de tutoría inteligente estado del arte 2018. \nProyecto PAPIME. https://drive.google.com/file/d/1MwshqYlmRT1V8Z6rHaEhuIaiAmzs-1Z8/view']: dc:rights | ['https://repositorio.tic.unam.mx/handle/123456789/3690', 'https://cecav.unam.mx/la-union-europea-establece-la-primera-ley-integral-sobre-inteligencia-artificial/', 'La Unión Europea establece la primera ley integral sobre inteligencia artificial. (2024). Universidad Nacional Autónoma de México. Centro de Estudios en Computación Avanzada']: dc:creator, dc:rights | ['https://repositorio.tic.unam.mx/handle/123456789/3676', 'https://www.youtube.com/playlist?list=PLUPwvBQEKP9Z2JzyIiMqJivsEEDfXwzjP', 'Coloquio Virtual Estudiantil en Ciencia de Datos. (2019). Universidad Nacional Autónoma de México. Instituto de Investigaciones en Matemáticas Aplicadas y en Sistemas']: dc:creator, dc:rights | ['https://repositorio.tic.unam.mx/handle/123456789/3769', 'https://doi.org/10.1021/acs.jpclett.3c01723', 'Wang, B., Winkler, L., Wu, Y., Müller, K.-R., Sauceda, H. E., & Prezhdo, O. V. (2023). Interpolating nonadiabatic molecular dynamics Hamiltonian with bidirectional long short-term memory networks. Journal of Physical Chemistry Letters, 14(31), 7092–7099. https://doi.org/10.1021/acs.jpclett.3c01723']: dc:rights | ['https://repositorio.tic.unam.mx/handle/123456789/3860', 'https://www.youtube.com/watch?app=desktop&v=YiZMfWZQPKs&sfnsn=scwspwa', 'Instituto de Investigaciones Antropológicas, UNAM. (2023, 14 septiembre). Inteligencia Artificial en entornos educativos [Vídeo]. YouTube.\n https://www.youtube.com/watch?app=desktop&v=YiZMfWZQPKs&sfnsn=scwspwa']: dc:rights | ['https://repositorio.tic.unam.mx/handle/123456789/3936', 'http://doi.org/10.1145/3550483', 'Bonakdarpour, B., Fraigniaud, P., Rajsbau, S., Rosenblueth, D., & Travers, C. (2022). Decentralized Asynchronous Crash-resilient Runtime Verification. ACM Transactions on Embedded Computing Systems (TECS), 21(6), Article 132. http://doi.org/10.1145/3550483']: dc:rights | ['https://repositorio.tic.unam.mx/handle/123456789/3643', 'https://cfop.ceide.unam.mx/wp-content/uploads/2025/06/Manual-Hugging-Face-Taller-Febrero-2025.pdf', 'Nieto Juárez, Tania Itzel. et al. (2025). Taller Diseño accesible de chatbots de inteligencia artificial con fines educativos y culturales. Coordinación de Evaluación, Innovación y Desarrollo Educativos, UNAM; Centro de Formación y Profesionalización Docente, UNAM']: dc:rights | ['https://repositorio.tic.unam.mx/handle/123456789/3836', 'https://youtu.be/zr_ruyB4lOw?si=A1j3sEu_frf5gfIe', 'Mirador Universitario UNAM. (2025). Revistas universitarias abiertas y los retos de la IA generativa. Diálogos Educativos [Vídeo]. \nYouTube. https://www.youtube.com/watch?v=NwRjkpBzLGQ']: dc:rights | ['https://repositorio.tic.unam.mx/handle/123456789/3650', 'https://youtu.be/fZaGVbWtrBw?si=y_z8dJx4DYBmj9uh', 'Bucio, Jackeline. et al. (2023). Experimentar y crear con Inteligencia Artificial Generativa. Coordinación de Universidad Abierta y Educación Digital, UNAM']: dc:rights | ['https://repositorio.tic.unam.mx/handle/123456789/3763', 'https://doi.org/10.1021/acs.jpca.3c03860', 'Gómez-Peralta, J. I., Bokhimi, X., & Quintana, P. (2023). Convolutional neural networks to assist the assessment of lattice parameters from X-ray powder diffraction. The Journal of Physical Chemistry A, 127(36), 7655–7664. https://doi.org/10.1021/acs.jpca.3c03860']: dc:rights | ['https://repositorio.tic.unam.mx/handle/123456789/3652', 'https://youtu.be/exRLoalj1h4?si=5leE36LPxrIKVTbw', 'Santos Solórzano, Roberto. et al. (2024). Ética y buenas prácticas en el uso de la IA para el aprendizaje. Coordinación de Evaluación, Innovación y Desarrollo Educativos, UNAM']: dc:rights | ['https://repositorio.tic.unam.mx/handle/123456789/3984', 'https://doi.org/10.1007/s00500-022-06980-6', 'Cervera-Uribe, A. A., & Méndez-Monroy, P. E. (2022). U19-Net: A deep learning approach for obstacle detection in self-driving cars. Soft Computing, 26(12), 5195-5207. https://doi.org/10.1007/s00500-022-06980-6']: dc:rights | ['https://repositorio.tic.unam.mx/handle/123456789/3886', 'https://tesiunamdocumentos.dgb.unam.mx/ptd2025/abr_jun/0870805/Index.html', 'Olvera Pérez, Iván Uriel. (2024). Modelado matemático de la actividadeléctrica del corazón a partir de algoritmosde aprendizaje autónomo [Tesis de licenciatura, Universidad Nacional Autónoma de México- Escuela Nacional de Estudios Superiores Unidad Juriquilla]. https://tesiunamdocumentos.dgb.unam.mx/ptd2025/abr_jun/0870805/Index.html']: dc:rights | ['https://repositorio.tic.unam.mx/handle/123456789/3977', 'https://doi.org/10.1109/ENC53357.2021.9534820', 'Aranda-Martínez, C., Hevia-Montiel, N., Rauscher, F. G., & Martínez-Pérez, M. E. (2021). Artery/vein classification of retinal vasculature based on cellular automata. In 2021 Mexican International Conference on Computer Science (ENC) (pp. 1–8). IEEE. https://doi.org/10.1109/ENC53357.2021.9534820']: dc:rights | ['https://repositorio.tic.unam.mx/handle/123456789/3441', 'https://ties.unam.mx/integracion.html', 'Integración de Tecnologías de Información y Comunicación en la Educación Superior: un modelo para clasificar las IES a partir de un estudio cualitativo. (2018). Dirección General de Cómputo y de Tecnologías de Información y Comunicación, UNAM. Recuperado de https://repositorio.tic.unam.mx/handle/123456789/3441']: dc:creator | ['https://repositorio.tic.unam.mx/handle/123456789/3798', 'https://www.youtube.com/watch?v=yhHfPjH0LYo', 'Moncada, F., Zapien Campos, B., Cruz, J. P., Rodríguez-Villafuerte, M., & Martínez-Dávalos, A. (2022, noviembre). Generation of synthetic datasets for iterative and deep-learning-based scatter correction in CBCT [Presentación de conferencia]. IEEE Nuclear Science Symposium and Medical Imaging Conference (NSS/MIC/RTSD). https://doi.org/10.13140/RG.2.2.11102.10569']: dc:rights | ['https://repositorio.tic.unam.mx/handle/123456789/3750', 'https://doi.org/10.1016/j.jssc.2020.121253', 'Gómez-Peralta, J. I., & Bokhimi, X. (2020). Discovering new perovskites with artificial intelligence. Journal of Solid State Chemistry, 285, 121253. https://doi.org/10.1016/j.jssc.2020.121253']: dc:rights | ['https://repositorio.tic.unam.mx/handle/123456789/3684', 'https://www.ties.unam.mx/num02/pdf/inteligencia-artificial.pdf', 'Sebastián Martínez, Yuri. (2019). La inteligencia artificial en la trasformación de procesos universitarios. Universidad Nacional Autónoma de México. Dirección General de Cómputo y de Tecnologías de Información y Comunicación']: dc:rights | ['https://repositorio.tic.unam.mx/handle/123456789/4017', 'https://doi.org/10.1007/978-3-030-60887-3_19', 'Gómez‑Adorno, H., Bel‑Enguix, G., Sierra, G., Torres‑Moreno, J.‑M., Martínez, R., & Serrano, P. (2020). Evaluation of similarity measures in a benchmark for Spanish paraphrasing detection. En L. Martínez‑Villaseñor, O. Herrera‑Alcántara, H. Ponce & F. A. Castro‑Espinoza (Eds.), Advances in Computational Intelligence: MICAI 2020 (Vol. 12469, pp. 214–223). Springer. https://doi.org/10.1007/978-3-030-60887-3_19']: dc:rights | ['https://repositorio.tic.unam.mx/handle/123456789/2730', 'https://www.youtube.com/watch?v=lBgK4QSvMv8', '¿Cómo se instala un programa?. (2016). Dirección General de Cómputo y de Tecnologías de Información y Comunicación, UNAM. Recuperado de https://repositorio.tic.unam.mx/handle/123456789/2730']: dc:creator | ['https://repositorio.tic.unam.mx/handle/123456789/3937', 'http://doi.org/10.3390/math9080792', 'Franco, M., Zapata, O., Rosenblueth, D. A., & Gershenson, C. (2021). Random networks with quantum boolean functions. Mathematics, 9(8), 792. https://doi.org/10.3390/math9080792']: dc:rights | ['https://repositorio.tic.unam.mx/handle/123456789/3688', 'https://chilam.c3.unam.mx/', 'Laboratorio para la simulación de Sistemas Complejos Adaptativos. (2022). Universidad Nacional Autónoma de México; Laboratorio para la Simulación de Sistemas Complejos Adaptativos; Centro de Ciencias de la Complejidad']: dc:creator, dc:rights | ['https://repositorio.tic.unam.mx/handle/123456789/3945', 'http://doi.org/10.1109/TAFFC.2024.3357656', 'Jiménez-Guarneros, M., & Fuentes-Pineda, G. (2024). CFDA-CSF: A Multi-Modal Domain Adaptation Method for Cross-Subject Emotion Recognition. IEEE Transactions on Affective Computing, 15(3), 1502–1513. https://doi.org/10.1109/TAFFC.2024.3357656']: dc:rights | ['https://repositorio.tic.unam.mx/handle/123456789/4024', 'https://doi.org/10.1162/artl_a_00324', 'Gershenson, C., Trianni, V., Werfel, J., & Sayama, H. (2020). Self-organization and artificial life. Artificial Life, 26(3), 391-408. https://doi.org/10.1162/artl_a_00324']: dc:rights | ['https://repositorio.tic.unam.mx/handle/123456789/3745', 'https://iopscience.iop.org/article/10.3847/1538-4365/aa9e8a', 'Abolfathi, B., Aguado, D. S., Aguilar, G., Prieto, C. A., Almeida, A., Ananna, T. T., Anders, F., Anderson, S. F., Andrews, B. H., Anguiano, B., Aquino-Ortíz, E., Aragón-Salamanca, A., Argudo-Fernández, M., Armengaud, E., Aubourg, É., Avila-Reese, V., Badenes, C., Bailey, S., Balland, C., … Wilson, J. C. (2018). The Fourteenth Data Release of the Sloan Digital Sky Survey: First Spectroscopic Data from the extended Baryon Oscillation Spectroscopic Survey and from the second phase of the Apache Point Observatory Galactic Evolution Experiment. The Astrophysical Journal Supplement Series, 235(2), 42. https://doi.org/10.3847/1538-4365/aa9e8a']: dc:rights | ['https://repositorio.tic.unam.mx/handle/123456789/2756', 'https://www.youtube.com/watch?v=T3Y1ga-mUgY', 'Dispositivos periféricos que interactúan con la computadora. (2016). Dirección General de Cómputo y de Tecnologías de Información y Comunicación, UNAM. Recuperado de https://repositorio.tic.unam.mx/handle/123456789/2756']: dc:creator | ['https://repositorio.tic.unam.mx/handle/123456789/3932', 'http://doi.org/10.1007/s00521-021-06408-6', 'Maqueda, E., Álvarez-Jiménez, J., Mena, C., & otros. (2023). Triplet loss-based embeddings for forensic speaker identification in Spanish. Neural Computing and Applications, 35, 18177–18186. https://doi.org/10.1007/s00521-021-06408-6']: dc:rights | ['https://repositorio.tic.unam.mx/handle/123456789/3971', 'https://doi.org/10.1117/12.2606272', 'Rodríguez de la Cruz, J., Acosta Mesa, H., Mezura Montesa, E., Arámbula Cosío, F., Escalante Ramírez, B., & Olveres Montiel, J. (2021). Evolution of conditional-GANs for the synthesis of chest X-ray images. En E. Romero, E. T. Costa, J. Brieva, L. Rittner, M. G. Linguraru, & N. Lepore (Eds.), 17th International Symposium on Medical Information Processing and Analysis (Vol. 12088, Artículo 120880B). SPIE. https://doi.org/10.1117/12.2606272']: dc:rights | ['https://repositorio.tic.unam.mx/handle/123456789/2739', 'https://www.youtube.com/watch?v=pBHETm3uULI', 'Definir espacios entre párrafos y alineación de textos. (2016). Dirección General de Cómputo y de Tecnologías de Información y Comunicación, UNAM. Recuperado de https://repositorio.tic.unam.mx/handle/123456789/2739']: dc:creator | ['https://repositorio.tic.unam.mx/handle/123456789/3686', 'https://lapi.fi-p.unam.mx/', 'Laboratorio Avanzado de Procesamiento de Imágenes. (s.f.). Universidad Nacional Autónoma de México. Facultad de Ingeniería']: dc:creator, dc:rights | ['https://repositorio.tic.unam.mx/handle/123456789/3983', 'https://doi.org/10.3390/s23094394', 'Rascon, C. (2023). Characterization of Deep Learning-Based Speech-Enhancement Techniques in Online Audio Processing Applications. Sensors, 23(9), 4394. https://doi.org/10.3390/s23094394']: dc:rights | ['https://repositorio.tic.unam.mx/handle/123456789/2755', 'https://www.youtube.com/watch?v=B2yY_8ypkuM', '¿Para que sirve una computadora?. (2016). Dirección General de Cómputo y de Tecnologías de Información y Comunicación, UNAM. Recuperado de https://repositorio.tic.unam.mx/handle/123456789/2755']: dc:creator | ['https://repositorio.tic.unam.mx/handle/123456789/3711', 'http://ru.iibi.unam.mx/jspui/handle/IIBI_UNAM/98', 'Lozano San Juan, Gustavo. et al. (2020). Propuesta metodológica y de análisis computacional para identificar el proceso fotográfico en fotografías históricas del siglo XIX y XX. Universidad Nacional Autónoma de México. Instituto de Investigaciones Bibliotecológicas y de la Información']: dc:rights | ['https://repositorio.tic.unam.mx/handle/123456789/3644', 'https://cfop.ceide.unam.mx/wp-content/uploads/2025/06/XII-JornadaFD_Microtaller-Analisis-de-textos-academicos-con-IA_-pautas-para-docentes.pdf', 'Nieto Juárez, Tania Itzel. et al. (2025). Taller Análisis de textos académicos con inteligencia artificial: pautas para docentes. Coordinación de Evaluación, Innovación y Desarrollo Educativos, UNAM; Centro de Formación y Profesionalización Docente, UNAM']: dc:rights | ['https://repositorio.tic.unam.mx/handle/123456789/2729', 'https://www.youtube.com/watch?v=qfLSn6pCRZ4', '¿Qué es un programa?. (2016). Dirección General de Cómputo y de Tecnologías de Información y Comunicación, UNAM. Recuperado de https://repositorio.tic.unam.mx/handle/123456789/2729']: dc:creator | ['https://repositorio.tic.unam.mx/handle/123456789/3961', 'https://doi.org/10.5530/jscires.20251453', 'Angeles, M. D. P., Gomez Adorno, H., Hernandez Guevara, S. D., & Corza Vargas, V. M. (2025). Predicting Collaborations among Research Scientists: A Datathon Experience. Journal of Scientometric Research, 14(1), 300–308. https://doi.org/10.5530/jscires.20251453']: dc:rights | ['https://repositorio.tic.unam.mx/handle/123456789/4031', 'https://doi.org/10.3389/frobt.2020.00041', 'Gershenson, C. (2020). Guiding the self-organization of cyber-physical systems. Frontiers in Robotics and AI, 7, 41. https://doi.org/10.3389/frobt.2020.00041']: dc:rights | ['https://repositorio.tic.unam.mx/handle/123456789/3718', 'http://ru.iibi.unam.mx/jspui/handle/IIBI_UNAM/96', 'Sanabria Medina, Georgina. (2020). Apuntes sobre la inteligencia artificial y su aplicación en los archivos sonoros. Universidad Nacional Autónoma de México. Instituto de Investigaciones Bibliotecológicas y de la Información']: dc:rights | ['https://repositorio.tic.unam.mx/handle/123456789/3738', 'https://www.youtube.com/watch?v=i2BFxSZCZN0', 'Alfabetización en IA. (2023). Universidad Nacional Autónoma de México. Instituto de Investigaciones Bibliotecológicas y de la Información']: dc:creator, dc:rights | ['https://repositorio.tic.unam.mx/handle/123456789/3677', 'https://www.youtube.com/watch?v=XYBok4XzkMM', 'El caso de los agentes inteligentes: Más allá de la inteligencia artificial generativa. (2024). Universidad Nacional Autónoma de México. Facultad de Contaduría y Administración']: dc:creator, dc:rights | ['https://repositorio.tic.unam.mx/handle/123456789/2753', 'https://www.youtube.com/watch?v=WB1LfDxjEuU', 'Vista de la presentación electrónica y guardado del archivo. (2016). Dirección General de Cómputo y de Tecnologías de Información y Comunicación, UNAM. Recuperado de https://repositorio.tic.unam.mx/handle/123456789/2753']: dc:creator | ['https://repositorio.tic.unam.mx/handle/123456789/3641', 'https://www.youtube.com/watch?v=Ed9bJ6UXL_0', 'Sánchez Mendiola, Melchor. (2025). Uso de la Inteligencia Artificial Generativa en estudiantes y docentes de la UNAM. Grupo Académico de Inteligencia Artificial Generativa; Centro de Estudios en Computcaión Avanzada, UNAM']: dc:rights | ['https://repositorio.tic.unam.mx/handle/123456789/4021', 'https://ceur-ws.org/Vol-2696/paper_222.pdf', 'Araújo-Pino, E., Gómez-Adorno, H., & Fuentes-Pineda, G. (2020). Siamese Network applied to Authorship Verification: Notebook for PAN at CLEF 2020. In L. Cappellato, C. Eickhoff, N. Ferro, & A. Névéol (Eds.), CLEF 2020 Labs and Workshops, Notebook Papers, CEUR Workshop Proceedings, Vol. 2696. CEUR-WS. https://ceur-ws.org/Vol-2696/paper_222.pdf']: dc:rights | ['https://repositorio.tic.unam.mx/handle/123456789/3810', 'https://www.solaresearch.org/wp-content/uploads/2025/02/LAK25-CompanionProceedings.pdf', 'Carbajal-Degante, E., Moreno Salinas, J.G. (2025). Analytics & Educational Data Visualization: A Case Study \nfrom Mexico. The Fifteenth International Conference on Learning Analytics & Knowledge, 159-161.']: dc:rights | ['https://repositorio.tic.unam.mx/handle/123456789/3737', 'https://www.youtube.com/watch?v=_tMKxhq_feM', 'Mendizábal Simonetti, Pedro. (2023). Disponibilidad de la información pública, límites a su acceso y regulación de la IA. Universidad Nacional Autónoma de México. Instituto de Investigaciones Bibliotecológicas y de la Información']: dc:rights | ['https://repositorio.tic.unam.mx/handle/123456789/3921', 'https://www.youtube.com/watch?v=kuTohDkqDbY', 'OpenAI, & Fintual. (2025, May 29). AI Summit 2025 | Future + Tech 29 de mayo [Video]. YouTube. https://www.youtube.com/watch?v=kuTohDkqDbY']: dc:rights | ['https://repositorio.tic.unam.mx/handle/123456789/3719', 'https://ru.iibi.unam.mx/jspui/handle/IIBI_UNAM/538', 'Sanabria Medina, Georgina. et al. (2022). Inteligencia artificial en los procesos documentales de los archivos digitales sonoros. Universidad Nacional Autónoma de México. Instituto de Investigaciones Bibliotecológicas y de la Información']: dc:rights | ['https://repositorio.tic.unam.mx/handle/123456789/3966', 'https://doi.org/10.1016/j.neucom.2020.10.104', 'Alvarado González, M., Fuentes Pineda, G., & Cervantes Ojeda, J. (2021). A few filters are enough: Convolutional neural network for P300 detection. Neurocomputing, 425, 37–52. https://doi.org/10.1016/j.neucom.2020.10.104']: dc:rights | ['https://repositorio.tic.unam.mx/handle/123456789/3852', 'https://cisanunam.blogspot.com/2025/01/boletin-109-ia-01-15-de-enero-de-2025.html', 'La Investigación, A. A. (2025). Boletín: 109: IA 01 - 15 de enero de 2025. https://cisanunam.blogspot.com/2025/01/boletin-109-ia-01-15-de-enero-de-2025.html']: dc:rights | ['https://repositorio.tic.unam.mx/handle/123456789/3751', 'https://doi.org/10.22323/1.395.0745', 'Capistrán, T., Fan, K. L., Linnemann, J. T., Torres, I., Saz Parkinson, P. M., Yu, P. L. H., Abeysekara, A. U., Albert, A., Alfaro, R. J., Alvarez, C., Álvarez Romero, J. d. D., Angeles Camacho, J. R., Arteaga Velazquez, J. C., Kollamparambil, A. B., Avila Rojas, D. O., Ayala Solares, H. A., Babu, R., Baghmanyan, V., Barber, A. S., & Becerra Gonzalez, J. (2021). HAWC contributions to the 37th International Cosmic Ray Conference (ICRC2021). Proceedings of Science (ICRC2021), 395, 745. https://doi.org/10.22323/1.395.0745']: dc:rights | ['https://repositorio.tic.unam.mx/handle/123456789/3682', 'https://www.gaceta.unam.mx/analizan-repercusiones-en-informacion-por-el-uso-de-la-ia/', 'Lugo García, María Guadalupe. (2024). VII Congreso de Estudios de la Información. Inteligencia artificial. Pensarla para actuar mirando al futuro. Universidad Nacional Autónoma de México. Dirección General de Comunicación Social']: dc:rights | ['https://repositorio.tic.unam.mx/handle/123456789/3694', 'http://ru.iibi.unam.mx/jspui/handle/IIBI_UNAM/94', 'Bazán Gil, Virginia. (2020). Reflexiones en torno a la inteligencia artificial : el caso de los archivos de RTVE. Universidad Nacional Autónoma de México. Instituto de Investigaciones Bibliotecológicas y de la Información']: dc:rights | ['https://repositorio.tic.unam.mx/handle/123456789/3792', 'https://repositorio.unam.mx/contenidos/characterization-of-two-compact-iact-telescopes-hawcs-eye-in-synchrony-with-the-hawc-gamma-ray-observatory-3578912?c=qDW3dk&d=false&q=*:*&i=1&v=1&t=search_0&as=0', 'Serna Franco, José Erandi (2021). Characterization of two compact iact telescopes hawcs eye in synchrony with the hawc gamma-ray observatory. Instituto de Astronomía, UNAM. Recuperado de https://repositorio.unam.mx/contenidos/3578912']: dc:rights | ['https://repositorio.tic.unam.mx/handle/123456789/3856', 'https://encuentro.educatic.unam.mx/educatic2024/imgs/carteles/58.png', 'Encuentro Educatic. (2024). 10° encuentro universitario de mejores prácticas de uso de TIC en la educación - Integración de la inteligencia artificial en la academia: Desafíos\n y oportunidades para inmigrantes digitales. https://encuentro.educatic.unam.mx/educatic2024/imgs/carteles/58.png']: dc:rights | ['https://repositorio.tic.unam.mx/handle/123456789/3980', 'https://doi.org/10.3390/app13137820', 'Rascon, C., & Fuentes-Pineda, G. (2023). Target Selection Strategies for Demucs-Based Speech Enhancement. Applied Sciences, 13(13), 7820. https://doi.org/10.3390/app13137820']: dc:rights | ['https://repositorio.tic.unam.mx/handle/123456789/3931', 'http://doi.org/10.1016/j.ipm.2023.103343', 'Montalvo-Lezama, R., Montalvo-Lezama, B., & Fuentes-Pineda, G. (2023). Improving Transfer Learning for Movie Trailer Genre Classification using a Dual Image and Video Transformer. Information Processing & Management, 60(3), 103343. https://doi.org/10.1016/j.ipm.2023.103343']: dc:rights | ['https://repositorio.tic.unam.mx/handle/123456789/3680', 'https://www.gaceta.unam.mx/llaman-a-incorporar-ia-en-entornos-educativos-y-ensenar-sobre-usos-eticos/', 'Llaman a incorporar IA en entornos educativos y enseñar sobre usos éticos. (2023). Universidad Nacional Autónoma de México. Dirección General de Comunicación Social']: dc:creator, dc:rights | ['https://repositorio.tic.unam.mx/handle/123456789/2735', 'https://www.youtube.com/watch?v=c9jMIItynZ0', 'Ingreso al procesador de palabras y a las barras de herramientas. (2016). Dirección General de Cómputo y de Tecnologías de Información y Comunicación, UNAM. Recuperado de https://repositorio.tic.unam.mx/handle/123456789/2735']: dc:creator | ['https://repositorio.tic.unam.mx/handle/123456789/2727', 'https://www.youtube.com/watch?v=8bv30xKRqfE', '¿Cuántos tipos de sistemas operativos existen?. (2016). Dirección General de Cómputo y de Tecnologías de Información y Comunicación, UNAM. Recuperado de https://repositorio.tic.unam.mx/handle/123456789/2727']: dc:creator | ['https://repositorio.tic.unam.mx/handle/123456789/2749', 'https://www.youtube.com/watch?v=6pVgHfxjMdA', 'Copiar, pegar, mover y borrar información de la hoja electrónica de cálculo. (2016). Dirección General de Cómputo y de Tecnologías de Información y Comunicación, UNAM. Recuperado de https://repositorio.tic.unam.mx/handle/123456789/2749']: dc:creator | ['https://repositorio.tic.unam.mx/handle/123456789/2716', 'https://www.youtube.com/watch?v=ju-DKTKL57s', '¿Qué motores de búsqueda son los que más se usan?. (2016). Dirección General de Cómputo y de Tecnologías de Información y Comunicación, UNAM. Recuperado de https://repositorio.tic.unam.mx/handle/123456789/2716']: dc:creator | ['https://repositorio.tic.unam.mx/handle/123456789/3802', 'https://www.youtube.com/watch?v=AKj8Ysrg39I&t=25s', 'SOMECE. (2024). SOMECE 2024 Inteligencia Artificial Generativa como asistente del docente\n [Vídeo]. YouTube. https://www.youtube.com/watch?v=AKj8Ysrg39I&t=25s']: dc:rights | ['https://repositorio.tic.unam.mx/handle/123456789/3873', 'https://doi.org/10.1088/1361-6528/ad7e2e', 'Flores-Salazar, M., Avila, C. M. F., De Jesús Bautista, J. A., Polumati, G., Martínez, B. A. M., Reddy, K. C. S., Hernández-Vázquez, \nM. A., Strupiechonski, E., Sahatiya, P., Quiroz-Juarez, M. A., & De Luna Bugallo, A. (2024). Improving the coverage area and\nflake size of ReS2 through machine learning in APCVD. Nanotechnology. 35(50). https://doi.org/10.1088/1361-6528/ad7e2e']: dc:rights | ['https://repositorio.tic.unam.mx/handle/123456789/3776', 'https://doi.org/10.1021/acs.jpcc.3c05908', 'Rodríguez-Martínez, C., Schwedek, T., Salazar-Flores, E., & Bokhimi, X. (2024). Utilizing Wyckoff Sites to Construct Machine-Learning-Driven Interatomic Potentials for Crystalline Materials: A Case Study on α-Alumina. The Journal of Physical Chemistry C, 128(4). https://doi.org/10.1021/acs.jpcc.3c05908']: dc:rights | ['https://repositorio.tic.unam.mx/handle/123456789/3742', 'https://www.youtube.com/watch?v=WXqz0Bcg6lA', 'La construcción de la evidencia científica en los productos de investigación apoyados en Inteligencia Artificial. Ponencia 2. (2024). Universidad Nacional Autónoma de México. Instituto de Investigaciones Bibliotecológicas y de la Información']: dc:creator, dc:rights | ['https://repositorio.tic.unam.mx/handle/123456789/3705', 'https://ru.iibi.unam.mx/jspui/handle/IIBI_UNAM/1119', 'Feria Basurto, Lourdes. et al. (2025). Gestión de datos digitales : desafíos de la organización de información. Universidad Nacional Autónoma de México. Instituto de Investigaciones Bibliotecológicas y de la Información']: dc:rights | ['https://repositorio.tic.unam.mx/handle/123456789/3729', 'https://www.youtube.com/watch?v=SIBoi682MI8', 'Inteligencia artificial. Pensarla para actuar al futuro. (2024). Universidad Nacional Autónoma de México. Instituto de Investigaciones Bibliotecológicas y de la Información']: dc:creator, dc:rights | ['https://repositorio.tic.unam.mx/handle/123456789/3857', 'https://www.youtube.com/watch?app=desktop&v=lfmr-7b49Rw&sfnsn=scwspwa', 'AprendeTIC UNAM. (2024, 10 mayo). Inteligencia artificial en la academia: innovación en investigación y enseñanza. [Vídeo]. \nYouTube. https://www.youtube.com/watch?v=lfmr-7b49Rw']: dc:rights | ['https://repositorio.tic.unam.mx/handle/123456789/3872', 'https://doi.org/10.3390/infrastructures10010003', 'Camacho-Pérez, E.; Camacho-Pérez, J.; Carcedo-Rodríguez, G.; Macías-Socarra, I; Quiroz-Juárez; M.; Rodríguez-Abreo, O.; \nRodríguez-Reséndiz, J. (2024). Automatic Detection of Railway Faults Using Neural Networks: A Comparative Study of Transfer \nLearning Models and YOLOv11. Infrastructures, 10(1). https://www.mdpi.com/2412-3811/10/1/3']: dc:rights | ['https://repositorio.tic.unam.mx/handle/123456789/4005', 'https://doi.org/10.1007/978-3-030-89817-5_7', 'Valdez-Valenzuela, E., Kuri-Morales, A., & Gómez-Adorno, H. (2021). Measuring the effect of categorical encoders in machine learning tasks using synthetic data. En I. Batyrshin, A. Gelbukh, & G. Sidorov (Eds.), Advances in Computational Intelligence. MICAI 2021 (Lecture Notes in Computer Science, vol. 13067, pp. 91–103). Springer, Cham. https://doi.org/10.1007/978-3-030-89817-5_7']: dc:rights | ['https://repositorio.tic.unam.mx/handle/123456789/3704', 'http://ru.iibi.unam.mx/jspui/handle/IIBI_UNAM/90', 'Díaz Kommonen, Lily. (2020). Ontología y narrativa en los sistemas de inteligencia artificial, una mirada antropológica. Universidad Nacional Autónoma de México. Instituto de Investigaciones Bibliotecológicas y de la Información']: dc:rights | ['https://repositorio.tic.unam.mx/handle/123456789/3861', 'https://youtu.be/nZvWiin5iis?si=ADAQcQJ7N7bfGduu', 'Streaming UNAM. (2023, 5 septiembre). Tutorial SlidesAI [Vídeo]. YouTube. https://youtu.be/nZvWiin5iis?si=ADAQcQJ7N7bfGduu']: dc:rights | ['https://repositorio.tic.unam.mx/handle/123456789/3720', 'http://ru.iibi.unam.mx/jspui/handle/IIBI_UNAM/89', 'Sossa Azuela, Juan Humberto. (2020). El papel de la inteligencia artificial en la Industria 4.0. Universidad Nacional Autónoma de México. Instituto de Investigaciones Bibliotecológicas y de la Información']: dc:rights | ['https://repositorio.tic.unam.mx/handle/123456789/3779', 'https://doi.org/10.1371/journal.pone.0317412', 'García‑Rodríguez, A., Núñez, M., Pérez, M. R., Govezensky, T., Barrio, R. A., Gershenson, C., Kaski, K. K., & Tagüeña, J. (2025). Sustainable visions: unsupervised machine learning insights on global development goals. PLOS ONE, 20(3), e0317412. https://doi.org/10.1371/journal.pone.0317412']: dc:rights | ['https://repositorio.tic.unam.mx/handle/123456789/3702', 'http://ru.iibi.unam.mx/jspui/handle/IIBI_UNAM/93', 'Cariani, Karen. et al. (2020). Using computational tools and experts to improve access to digital. Universidad Nacional Autónoma de México. Instituto de Investigaciones Bibliotecológicas y de la Información']: dc:rights | ['https://repositorio.tic.unam.mx/handle/123456789/3736', 'https://www.youtube.com/watch?v=YBaata_Gw9Q', 'El uso de inteligencia artificial para la visualización de la información y los datos en el análisis informétrico. Mesa 6. (2024). Universidad Nacional Autónoma de México. Instituto de Investigaciones Bibliotecológicas y de la Información']: dc:creator, dc:rights | ['https://repositorio.tic.unam.mx/handle/123456789/3731', 'https://www.youtube.com/watch?v=SIBoi682MI8', 'VII Congreso de Estudios de la Información: “Inteligencia artificial. Pensarla para actuar al futuro” Día 2. (2024). Universidad Nacional Autónoma de México. Instituto de Investigaciones Bibliotecológicas y de la Información']: dc:creator, dc:rights | ['https://repositorio.tic.unam.mx/handle/123456789/3927', 'https://ceur-ws.org/Vol-3740/paper-299.pdf', 'Álvarez-Girón, W., Téllez-Torres, J., Tovar-Cortés, J., & Gómez-Adorno, H. (2024). Team qIIMAS on Task 2 - Clustering. Ceur-ws.org. Recuperado de https://ceur-ws.org/Vol-3740/paper-299.pdf']: dc:rights | ['https://repositorio.tic.unam.mx/handle/123456789/3687', 'https://www.youtube.com/watch?v=L___8iI_FFE', 'Gómez Adorno, Helena. et al. (2023). IA generativa, retos y beneficios del ChatGPT. Universidad Nacional Autónoma de México. Dirección General de Cómputo y de Tecnologías de Información y Comunicación']: dc:rights | ['https://repositorio.tic.unam.mx/handle/123456789/3639', 'http://doi.org/10.22201/ceide.16076079e.2025.26.1.10', 'Benavides Lara, Mario Alberto. et al. (2025). Presencia y uso de la Inteligencia Artificial Generativa en la Universidad Nacional Autónoma de México. Revista Digital Universitaria, Vol. 26, núm. 1. Coordinación de Evaluación, Innovación y Desarrollo Educativos, UNAM']: dc:rights | ['https://repositorio.tic.unam.mx/handle/123456789/3968', 'https://doi.org/10.1080/19401493.2024.2399053', 'Mena, A., Alvarado, J., Molino, E., & Ceballos, H. G. (2024). Indoor occupancy monitoring using environmental feature fusion and semi-supervised machine learning models. Journal of Building Performance Simulation, 17(6), 695–717. https://doi.org/10.1080/19401493.2024.2399053']: dc:rights | ['https://repositorio.tic.unam.mx/handle/123456789/3715', 'https://ru.iibi.unam.mx/jspui/handle/IIBI_UNAM/525', 'Pirela Morillo, Johann Enrique. (2024). Información e inteligencia colectiva para la superación de los problemas sociales. Universidad Nacional Autónoma de México. Instituto de Investigaciones Bibliotecológicas y de la Información']: dc:rights | ['https://repositorio.tic.unam.mx/handle/123456789/3915', 'https://www.youtube.com/watch?v=fjZ1892FLPQ', 'Hevia Montiel, N. (2024, noviembre 29). IA para el estudio de enfermedades zoonóticas: una enfermedad desantendida y silenciosa [Video]. YouTube. https://www.youtube.com/watch?v=fjZ1892FLPQ']: dc:rights | ['https://repositorio.tic.unam.mx/handle/123456789/3897', 'https://www.youtube.com/watch?v=Y7TjwIdqa_Q', 'Instituto de Investigaciones en Matemáticas Aplicadas y en Sistemas [IIMAS UNAM]. (2024, junio 21). Ética de la Investigación en la Inteligencia Artificial [Video]. YouTube. https://www.youtube.com/watch?v=Y7TjwIdqa_Q']: dc:rights | ['https://repositorio.tic.unam.mx/handle/123456789/3692', 'https://cecav.unam.mx/redesColab/', 'Redes de colaboración. (s.f.). Universidad Nacional Autónoma de México. Centro de Estudios en Computación Avanzada']: dc:creator, dc:rights | ['https://repositorio.tic.unam.mx/handle/123456789/3846', 'https://youtu.be/0qg_fS05ZLM', 'CISAN UNAM. (2025, 19 marzo). Mesa 3 REDAN [Vídeo]. YouTube. https://www.youtube.com/watch?v=0qg_fS05ZLM']: dc:rights | ['https://repositorio.tic.unam.mx/handle/123456789/3935', 'https://ceur-ws.org/Vol-3740/paper-55.pdf', 'Salas-Jiménez, K., Díaz, I., Gómez-Adorno, H., Bel-Enguix, G., & Sierra, G. (2024). JK_PCIC_UNAM at CheckThat! 2024: Analysis of Subjectivity in News Sentences Using Transformers-Based Models. Ceur-ws.org. Recuperado de https://ceur-ws.org/Vol-3740/paper-55.pdf']: dc:rights | ['https://repositorio.tic.unam.mx/handle/123456789/3923', 'https://doi.org/10.13053/CyS-26-2-4238', 'Miranda-Perea, F. E., Omaña Silva, S., & González Huesca, L. del C. (2022). A Dual-Context Sequent Calculus for S4 Modal Lambda-Term Synthesis, 26(2), 787–799. https://doi.org/10.13053/CyS-26-2-4238']: dc:rights | ['https://repositorio.tic.unam.mx/handle/123456789/3823', 'https://sites.google.com/cuaed.unam.mx/ada/', 'Vadillo Bueno, G., Cervantes Pérez, F., Bucio García, J., Terrazas Razo, O., Valencia Saravia, M., Prado Saavedra, J., Franzoni Velázquez, A. L., Navarro Perales, J. \n(2018). Innovación en los procesos de aprendizaje en las asignaturas de B@UNAM de CUAED, a través del sistema de tutoría inteligente ADA.\n Proyecto PAPIME. https://sites.google.com/cuaed.unam.mx/ada/']: dc:rights | ['https://repositorio.tic.unam.mx/handle/123456789/3907', 'https://www.youtube.com/watch?v=1uu3uvOqmSk', 'López Juárez, I. (2024, noviembre 27). Robótica industrial inteligente [Video]. En Jornadas sobre IA y su impacto en la vida cotidiana, IIMAS-UNAM. YouTube. https://www.youtube.com/watch?v=1uu3uvOqmSk']: dc:rights"
Repositorio_Institucional_UDLAP_POHUA.json                                                                                                         ,             0,               0,                   0,                0,                                                                                                                                                                                                                                                                                     , All mandatory fields present
Repositorio_Institucional_UnADM.json                                                                                                               ,           100,               0,                  20,               80, "@xmlns:dc, @xmlns:doc, @xmlns:oai_dc, @xmlns:xsi, @xsi:schemaLocation, dc:audience, dc:contributor, dc:coverage, dc:creator, dc:date, dc:description, dc:format, dc:identifier, dc:language, dc:publisher, dc:relation, dc:rights, dc:subject, dc:title, dc:type"                  , "['En tramite', 'http://www.repositorio.unadmexico.mx:8080/xmlui/handle/123456789/234']: dc:creator | ['En tramite', 'http://www.repositorio.unadmexico.mx:8080/xmlui/handle/123456789/236']: dc:creator | ['En tramite', 'http://www.repositorio.unadmexico.mx:8080/xmlui/handle/123456789/217']: dc:creator | ['En tramite', 'http://www.repositorio.unadmexico.mx:8080/xmlui/handle/123456789/227']: dc:creator | ['En tramite', 'http://www.repositorio.unadmexico.mx:8080/xmlui/handle/123456789/229']: dc:creator | ['En tramite', 'http://www.repositorio.unadmexico.mx:8080/xmlui/handle/123456789/225']: dc:creator | ['Bonilla Arrazola, O. E.  (2019). Propuesta de política de seguridad alimentaria y su relación con la Agricultura Familiar en el distrito central del cantón de Alvarado de la provincia de Cartago, Costa Rica. [Proyecto de intervención. Universidad Abierta y a Distancia de México]. Repositorio institucional de la Universidad Abierta y a Distancia de México.', 'http://www.repositorio.unadmexico.mx:8080/xmlui/handle/123456789/390']: dc:creator | ['En tramite', 'http://www.repositorio.unadmexico.mx:8080/xmlui/handle/123456789/214']: dc:creator | ['0185-0172', 'http://www.repositorio.unadmexico.mx:8080/xmlui/handle/123456789/209']: dc:creator | ['Pérez Matos, Y. G. (2019). Procesamiento artesanal e inocuidad de quesos en la República Dominicana. [Proyecto de intervención. Universidad Abierta y a Distancia de México]. Repositorio institucional de la Universidad Abierta y a Distancia de México.', 'http://www.repositorio.unadmexico.mx:8080/xmlui/handle/123456789/392']: dc:creator | ['En tramite', 'http://www.repositorio.unadmexico.mx:8080/xmlui/handle/123456789/207']: dc:creator | ['Tavarez Méndez, A. F.  (2019). La Importancia de la Producción Orgánica de Cultivos y su Relación con la Seguridad Alimentaria. Estudio de Caso: La Habichuela y el Guandúl en la República Dominicana. [Proyecto de intervención. Universidad Abierta y a Distancia de México]. Repositorio institucional de la Universidad Abierta y a Distancia de México.', 'http://www.repositorio.unadmexico.mx:8080/xmlui/handle/123456789/388']: dc:creator | ['En tramite', 'http://www.repositorio.unadmexico.mx:8080/xmlui/handle/123456789/206']: dc:creator | ['En tramite', 'http://www.repositorio.unadmexico.mx:8080/xmlui/handle/123456789/215']: dc:creator | ['En tramite', 'http://www.repositorio.unadmexico.mx:8080/xmlui/handle/123456789/226']: dc:creator | ['En tramite', 'http://www.repositorio.unadmexico.mx:8080/xmlui/handle/123456789/232']: dc:creator | ['En tramite', 'http://www.repositorio.unadmexico.mx:8080/xmlui/handle/123456789/211']: dc:creator | ['En tramite', 'http://www.repositorio.unadmexico.mx:8080/xmlui/handle/123456789/242']: dc:creator | ['En tramite', 'http://www.repositorio.unadmexico.mx:8080/xmlui/handle/123456789/237']: dc:creator | ['En tramite', 'http://www.repositorio.unadmexico.mx:8080/xmlui/handle/123456789/230']: dc:creator"
Repositorio_IPICYT.json                                                                                                                            ,          2087,              22,                   0,             2065, "@xmlns:dc, @xmlns:doc, @xmlns:oai_dc, @xmlns:xsi, @xsi:schemaLocation, dc:audience, dc:contributor, dc:creator, dc:date, dc:description, dc:format, dc:identifier, dc:language, dc:publisher, dc:relation, dc:rights, dc:source, dc:subject, dc:title, dc:type"                    , All mandatory fields present
Repositorio_MORA.json                                                                                                                              ,           837,              16,                   0,              821, "@xmlns:dc, @xmlns:doc, @xmlns:oai_dc, @xmlns:xsi, @xsi:schemaLocation, dc:audience, dc:contributor, dc:coverage, dc:creator, dc:date, dc:description, dc:format, dc:identifier, dc:language, dc:publisher, dc:relation, dc:rights, dc:source, dc:subject, dc:title, dc:type"       , All mandatory fields present
Repositorio_Nacional.json                                                                                                                          ,            16,               0,                   0,               16, "@xmlns:dc, @xmlns:doc, @xmlns:oai_dc, @xmlns:xsi, @xsi:schemaLocation, dc:audience, dc:contributor, dc:coverage, dc:creator, dc:date, dc:description, dc:format, dc:identifier, dc:language, dc:publisher, dc:relation, dc:rights, dc:source, dc:subject, dc:title, dc:type"       , All mandatory fields present
XPLORA.json                                                                                                                                        ,           100,               0,                 100,                0, "@xmlns:dc, @xmlns:doc, @xmlns:oai_dc, @xmlns:xsi, @xsi:schemaLocation, dc:date, dc:description, dc:format, dc:identifier, dc:language, dc:publisher, dc:relation, dc:rights, dc:subject, dc:title, dc:type"                                                                        , "oai:rixplora.upn.mx:RIUPN/16: dc:creator, dc:identifier | oai:rixplora.upn.mx:RIUPN/17: dc:creator, dc:identifier | oai:rixplora.upn.mx:RIUPN/18: dc:creator, dc:identifier | oai:rixplora.upn.mx:RIUPN/19: dc:creator, dc:identifier | oai:rixplora.upn.mx:RIUPN/20: dc:creator, dc:type, dc:identifier | oai:rixplora.upn.mx:RIUPN/21: dc:creator, dc:identifier | oai:rixplora.upn.mx:RIUPN/22: dc:creator, dc:identifier | oai:rixplora.upn.mx:RIUPN/23: dc:creator, dc:identifier | oai:rixplora.upn.mx:RIUPN/24: dc:creator, dc:identifier | oai:rixplora.upn.mx:RIUPN/25: dc:creator, dc:identifier | oai:rixplora.upn.mx:RIUPN/26: dc:creator, dc:identifier | oai:rixplora.upn.mx:RIUPN/27: dc:creator, dc:identifier | oai:rixplora.upn.mx:RIUPN/28: dc:creator, dc:identifier | oai:rixplora.upn.mx:RIUPN/29: dc:creator, dc:identifier | oai:rixplora.upn.mx:RIUPN/30: dc:creator, dc:identifier | 1067-6079: dc:creator | oai:rixplora.upn.mx:RIUPN/32: dc:creator, dc:identifier | oai:rixplora.upn.mx:RIUPN/33: dc:creator, dc:identifier | oai:rixplora.upn.mx:RIUPN/34: dc:creator, dc:identifier | oai:rixplora.upn.mx:RIUPN/35: dc:creator, dc:identifier | 1067-6079: dc:creator | oai:rixplora.upn.mx:RIUPN/37: dc:creator, dc:identifier | oai:rixplora.upn.mx:RIUPN/38: dc:creator, dc:identifier | oai:rixplora.upn.mx:RIUPN/39: dc:creator, dc:identifier | oai:rixplora.upn.mx:RIUPN/40: dc:creator, dc:identifier | 1067-6079: dc:creator | oai:rixplora.upn.mx:RIUPN/42: dc:creator, dc:identifier | oai:rixplora.upn.mx:RIUPN/43: dc:creator, dc:identifier | oai:rixplora.upn.mx:RIUPN/44: dc:creator, dc:identifier | oai:rixplora.upn.mx:RIUPN/45: dc:creator, dc:identifier | 2007-7246: dc:creator | oai:rixplora.upn.mx:RIUPN/47: dc:creator, dc:identifier | oai:rixplora.upn.mx:RIUPN/48: dc:creator, dc:identifier | oai:rixplora.upn.mx:RIUPN/49: dc:creator, dc:identifier | oai:rixplora.upn.mx:RIUPN/50: dc:creator, dc:identifier | oai:rixplora.upn.mx:RIUPN/51: dc:creator, dc:identifier | oai:rixplora.upn.mx:RIUPN/52: dc:creator, dc:identifier | oai:rixplora.upn.mx:RIUPN/53: dc:creator, dc:identifier | oai:rixplora.upn.mx:RIUPN/54: dc:creator, dc:identifier | oai:rixplora.upn.mx:RIUPN/55: dc:creator, dc:identifier | oai:rixplora.upn.mx:RIUPN/56: dc:creator, dc:identifier | oai:rixplora.upn.mx:RIUPN/57: dc:creator, dc:identifier | oai:rixplora.upn.mx:RIUPN/58: dc:creator, dc:identifier | oai:rixplora.upn.mx:RIUPN/59: dc:creator, dc:identifier | 0188-168X: dc:creator | oai:rixplora.upn.mx:RIUPN/61: dc:creator, dc:identifier | oai:rixplora.upn.mx:RIUPN/62: dc:creator, dc:identifier | oai:rixplora.upn.mx:RIUPN/63: dc:creator, dc:identifier | oai:rixplora.upn.mx:RIUPN/64: dc:creator, dc:identifier | oai:rixplora.upn.mx:RIUPN/65: dc:creator, dc:identifier | oai:rixplora.upn.mx:RIUPN/66: dc:creator, dc:identifier | oai:rixplora.upn.mx:RIUPN/67: dc:creator, dc:identifier | oai:rixplora.upn.mx:RIUPN/68: dc:creator, dc:identifier | oai:rixplora.upn.mx:RIUPN/69: dc:creator, dc:identifier | oai:rixplora.upn.mx:RIUPN/70: dc:creator, dc:identifier | oai:rixplora.upn.mx:RIUPN/71: dc:creator, dc:identifier | oai:rixplora.upn.mx:RIUPN/72: dc:creator, dc:identifier | oai:rixplora.upn.mx:RIUPN/73: dc:creator, dc:identifier | oai:rixplora.upn.mx:RIUPN/74: dc:creator, dc:identifier | oai:rixplora.upn.mx:RIUPN/75: dc:creator, dc:identifier | oai:rixplora.upn.mx:RIUPN/76: dc:creator, dc:identifier | oai:rixplora.upn.mx:RIUPN/77: dc:creator, dc:identifier | oai:rixplora.upn.mx:RIUPN/78: dc:creator, dc:identifier | oai:rixplora.upn.mx:RIUPN/79: dc:creator, dc:identifier | oai:rixplora.upn.mx:RIUPN/80: dc:creator, dc:identifier | oai:rixplora.upn.mx:RIUPN/81: dc:creator, dc:identifier | oai:rixplora.upn.mx:RIUPN/82: dc:creator, dc:identifier | oai:rixplora.upn.mx:RIUPN/83: dc:creator, dc:identifier | oai:rixplora.upn.mx:RIUPN/84: dc:creator, dc:identifier | oai:rixplora.upn.mx:RIUPN/85: dc:creator, dc:identifier | oai:rixplora.upn.mx:RIUPN/86: dc:creator, dc:identifier | oai:rixplora.upn.mx:RIUPN/87: dc:creator, dc:identifier | oai:rixplora.upn.mx:RIUPN/88: dc:creator, dc:identifier | oai:rixplora.upn.mx:RIUPN/89: dc:creator, dc:identifier | oai:rixplora.upn.mx:RIUPN/90: dc:creator, dc:identifier | oai:rixplora.upn.mx:RIUPN/91: dc:creator, dc:identifier | oai:rixplora.upn.mx:RIUPN/92: dc:creator, dc:identifier | oai:rixplora.upn.mx:RIUPN/93: dc:creator, dc:identifier | oai:rixplora.upn.mx:RIUPN/94: dc:creator, dc:identifier | oai:rixplora.upn.mx:RIUPN/95: dc:creator, dc:identifier | oai:rixplora.upn.mx:RIUPN/96: dc:creator, dc:identifier | oai:rixplora.upn.mx:RIUPN/97: dc:creator, dc:identifier | oai:rixplora.upn.mx:RIUPN/98: dc:creator, dc:identifier | oai:rixplora.upn.mx:RIUPN/99: dc:creator, dc:identifier | oai:rixplora.upn.mx:RIUPN/100: dc:creator, dc:identifier | oai:rixplora.upn.mx:RIUPN/101: dc:creator, dc:identifier | oai:rixplora.upn.mx:RIUPN/102: dc:creator, dc:identifier | oai:rixplora.upn.mx:RIUPN/103: dc:creator, dc:identifier | oai:rixplora.upn.mx:RIUPN/104: dc:creator, dc:identifier | oai:rixplora.upn.mx:RIUPN/105: dc:creator, dc:identifier | 2007-7246: dc:creator | oai:rixplora.upn.mx:RIUPN/107: dc:creator, dc:identifier | oai:rixplora.upn.mx:RIUPN/108: dc:creator, dc:identifier | 2007-7246: dc:creator | oai:rixplora.upn.mx:RIUPN/110: dc:creator, dc:identifier | oai:rixplora.upn.mx:RIUPN/111: dc:creator, dc:identifier | oai:rixplora.upn.mx:RIUPN/112: dc:creator, dc:identifier | oai:rixplora.upn.mx:RIUPN/113: dc:creator, dc:identifier | oai:rixplora.upn.mx:RIUPN/114: dc:creator, dc:identifier | oai:rixplora.upn.mx:RIUPN/115: dc:creator, dc:identifier"
